Pergunta,Resposta
Meu Wi-Fi não conecta.,Verifique se o roteador está ligado e se os cabos estão bem conectados. Tente reiniciar o roteador e seu computador/celular.
A internet está muito lenta.,"Reinicie seu modem e roteador. Tente conectar-se por cabo para verificar se o problema é o Wi-Fi. Se o problema persistir, pode ser um problema com seu provedor de internet."
Não consigo imprimir.,Certifique-se de que a impressora está ligada e conectada ao computador (cabo USB ou Wi-Fi). Verifique se há papel e tinta/toner. Reinicie o spooler de impressão no Windows.
O computador não liga.,"Verifique se o cabo de energia está bem conectado na tomada e no computador. Tente outra tomada. Se for notebook, verifique o carregador e a bateria."
Esqueci minha senha de login do sistema.,"Para redefinir sua senha, clique em ""Esqueci minha senha"" na tela de login e siga as instruções para recuperação via e-mail ou número de telefone."
O sistema travou e não responde.,"Tente fechar o programa que travou usando o Gerenciador de Tarefas (Ctrl+Shift+Esc). Se o sistema todo travou, force o desligamento segurando o botão de ligar/desligar por alguns segundos."
Não consigo acessar um site específico.,Verifique se sua internet está funcionando em outros sites. Limpe o cache e os cookies do seu navegador. O site pode estar temporariamente fora do ar.
Como instalo um novo programa?,Baixe o instalador do software de uma fonte confiável. Execute o arquivo baixado e siga as instruções na tela. Você pode precisar de permissões de administrador.
Preciso desinstalar um programa.,"No Windows, vá em Painel de Controle > Programas e Recursos (ou Configurações > Aplicativos). No macOS, arraste o aplicativo da pasta Aplicativos para a Lixeira."
Meu teclado não funciona.,"Verifique se o teclado está bem conectado (USB ou Bluetooth). Reinicie o computador. Se for um teclado sem fio, verifique as pilhas."
O mouse não está respondendo.,Verifique a conexão do mouse (USB ou Bluetooth). Troque as pilhas se for sem fio. Tente em outra porta USB. Reinicie o computador.
Perdi um arquivo importante.,"Verifique a Lixeira/Cesto de Lixo. Use a função de busca do sistema operacional para procurar o nome do arquivo. Se não encontrar, pode ser necessário restaurar um backup."
O computador está muito lento.,Feche programas que não está usando. Reinicie o computador. Rode um antivírus. Desfragmente o disco rígido (se não for SSD). Verifique o espaço em disco.
Recebo uma mensagem de erro ao abrir um aplicativo.,Anote o código ou a descrição exata do erro. Tente reiniciar o aplicativo e o computador. Verifique se o aplicativo está atualizado.
Como faço backup dos meus arquivos?,"Você pode copiar seus arquivos para um HD externo, pendrive, ou usar serviços de nuvem como Google Drive, OneDrive ou Dropbox."
O que é um firewall?,"Um firewall é uma barreira de segurança que monitora e controla o tráfego de rede, protegendo seu computador contra acessos não autorizados e ameaças externas."
Como libero espaço no meu disco rígido?,Desinstale programas que não usa. Delete arquivos grandes e desnecessários. Esvazie a lixeira. Use a Limpeza de Disco (Windows) ou ferramentas de otimização (macOS).
Minha câmera não está funcionando em videochamada.,Verifique se a câmera está conectada e se drivers estão atualizados. Certifique-se de que o aplicativo de videochamada tem permissão para acessar a câmera nas configurações de privacidade do sistema.
Não ouço som no computador.,Verifique se os alto-falantes estão conectados e ligados. Aumente o volume do sistema e do aplicativo. Verifique se os drivers de áudio estão instalados e atualizados.
Preciso de ajuda para configurar meu e-mail.,"Informe qual provedor de e-mail você usa (Gmail, Outlook, etc.) e qual programa (Outlook, Thunderbird) ou interface web você está tentando configurar. Verifique as configurações do servidor POP/IMAP/SMTP."
Como conecto um pendrive?,"Insira o pendrive em uma porta USB disponível no seu computador. Ele deve aparecer automaticamente no ""Meu Computador"" (Windows) ou ""Finder"" (macOS)."
A tela do meu monitor está preta.,"Verifique se o monitor está ligado e se o cabo de vídeo (HDMI, DisplayPort, VGA) está bem conectado tanto no monitor quanto no computador. Tente reiniciar o computador."
O navegador está bloqueando pop-ups.,"Em geral, isso é uma proteção. Se você confia no site, pode desativar o bloqueador de pop-ups nas configurações do seu navegador para aquele site específico."
Meu navegador está com muitos anúncios.,Isso pode ser causado por extensões maliciosas ou malware. Desinstale extensões suspeitas e faça uma varredura com um antivírus/anti-malware.
Como faço para reiniciar meu computador?,"No Windows, clique em Iniciar > Ligar/Desligar > Reiniciar. No macOS, clique no menu Apple > Reiniciar."
O computador está fazendo um barulho estranho.,"Barulhos podem indicar problemas com ventoinhas, disco rígido ou outros componentes. Desligue o computador e entre em contato com o suporte para uma avaliação."
Não consigo salvar meu documento.,"Verifique se você tem espaço em disco suficiente. Certifique-se de que não está tentando salvar em uma pasta com permissões restritas. Tente salvar em um local diferente, como a área de trabalho."
Como atualizo meu sistema operacional?,"No Windows, vá em Configurações > Atualização e Segurança > Windows Update. No macOS, vá em Preferências do Sistema > Atualização de Software."
O antivírus está dando um alerta.,"Leia a mensagem do alerta. Siga as instruções do antivírus para quarentena ou remoção da ameaça. Se não souber o que fazer, não clique em nada e aguarde orientação."
Preciso de um novo cabo de rede.,Um cabo de rede é um cabo Ethernet. Você pode comprar em lojas de eletrônicos ou informática.
Onde encontro os drivers do meu dispositivo?,"Os drivers geralmente são encontrados no site do fabricante do seu computador ou do próprio dispositivo (placa de vídeo, impressora, etc.)."
Meu arquivo não abre.,"Verifique se você tem o programa correto instalado para abrir o tipo de arquivo (ex: .doc precisa do Word). O arquivo pode estar corrompido, tente abrir uma cópia de backup se tiver."
Não consigo esvaziar a lixeira.,Verifique se há algum arquivo em uso dentro da lixeira. Feche todos os programas e tente esvaziar novamente. Reiniciar o computador pode ajudar.
Como faço uma captura de tela (screenshot)?,"No Windows, use a tecla Print Screen (PrtSc) e cole em um editor de imagem, ou use a ferramenta de Captura, podemos utilizar tambem o atalho Ctrl+Shift+S para abrir a ferramenta de captura imediatamente. No macOS, use Command+Shift+3 ou Command+Shift+4."
Meu fone de ouvido não funciona.,Verifique se o fone está bem conectado. Teste em outra porta de áudio ou em outro dispositivo. Verifique as configurações de áudio do seu computador.
A bateria do meu notebook está acabando rápido.,Desconecte dispositivos USB desnecessários. Diminua o brilho da tela. Verifique os programas que estão consumindo muita energia no Gerenciador de Tarefas. Considere uma troca de bateria se ela for muito antiga.
Como conecto meu celular ao computador?,"Use um cabo USB para conectar o celular ao computador. No celular, selecione a opção ""Transferência de arquivos"" ou ""MTP""."
Não consigo fazer chamadas pelo VoIP.,Verifique sua conexão com a internet. Certifique-se de que seu microfone e fone de ouvido estão configurados corretamente e funcionando. O serviço de VoIP pode estar com problemas.
Meu monitor externo não é detectado.,Verifique os cabos de vídeo. Certifique-se de que o monitor está ligado. Tente usar as teclas de função do seu notebook para alternar entre as telas (geralmente Fn + F4 ou similar).
Como limpo a tela do meu monitor?,"Use um pano de microfibra limpo e seco. Se precisar de líquido, use um produto específico para telas eletrônicas, aplicando no pano e não diretamente na tela."
O Bluetooth não liga.,"No Windows, vá em Configurações > Dispositivos > Bluetooth e outros dispositivos. No macOS, vá em Preferências do Sistema > Bluetooth. Certifique-se de que o Bluetooth está ativado."
Meu microfone não está funcionando.,Verifique se o microfone está conectado corretamente. Certifique-se de que o aplicativo que você está usando tem permissão para acessar o microfone nas configurações de privacidade do sistema. Teste o volume do microfone nas configurações de som.
Preciso de mais espaço na nuvem.,"Você pode comprar mais espaço de armazenamento nos serviços de nuvem que utiliza (Google Drive, OneDrive, Dropbox). Verifique os planos disponíveis de cada serviço."
Como faço para formatar um pendrive?,"No Windows, clique com o botão direito no pendrive em ""Meu Computador"" e selecione ""Formatar"". No macOS, use o Utilitário de Disco. Atenção: Isso apagará todos os dados do pendrive!"
"Recebo ""Disco Cheio"" ao tentar salvar algo.","Isso significa que seu disco rígido não tem mais espaço livre. Delete arquivos grandes e desnecessários, esvazie a lixeira, ou desinstale programas que não usa para liberar espaço."
Meu navegador está muito lento.,Limpe o cache e os cookies do navegador. Desative ou remova extensões desnecessárias. Reinicie o navegador e o computador.
A data e hora do meu computador estão erradas.,"No Windows, vá em Configurações > Hora e Idioma > Data e hora e ative ""Definir horário automaticamente"". No macOS, vá em Preferências do Sistema > Data e Hora."
Não consigo ejetar um pendrive com segurança.,"Feche todos os arquivos e programas que possam estar usando o pendrive. No Windows, clique no ícone ""Remover Hardware com Segurança"" na barra de tarefas. No macOS, arraste o ícone do pendrive para a Lixeira."
Como faço para espelhar a tela do meu celular na TV?,"Verifique se sua TV suporta espelhamento (Screen Mirroring, Chromecast, AirPlay). Geralmente, há uma opção no seu celular (como ""Transmitir"", ""Smart View"" ou ""Screen Mirroring"") para conectar-se à TV. Ambos precisam estar na mesma rede Wi-Fi."
Meu áudio está com ruído.,"Verifique os cabos de áudio. Se for um microfone, teste em outro dispositivo. Pode ser interferência elétrica ou problema no driver de áudio."
Não consigo abrir arquivos .PDF.,"Você precisa de um leitor de PDF, como o Adobe Acrobat Reader. Baixe e instale um programa leitor de PDF gratuito."
O computador está aquecendo muito.,Verifique se as saídas de ar do computador não estão bloqueadas. Tente usar o computador em uma superfície plana e dura. Limpe a poeira das ventoinhas (se souber como). Evite usá-lo em locais com alta temperatura.
Meu monitor está piscando.,Verifique o cabo de vídeo. Tente ajustar a taxa de atualização do monitor nas configurações de vídeo do computador. Pode ser um problema no driver de vídeo ou no próprio monitor.
Como tiro um vírus do meu computador?,"Use um programa antivírus confiável para fazer uma varredura completa. Se o antivírus encontrar algo, siga as instruções para remover ou colocar em quarentena. Mantenha seu antivírus sempre atualizado."
Preciso compartilhar um arquivo grande.,"Use serviços de armazenamento em nuvem (Google Drive, Dropbox, OneDrive) para fazer o upload do arquivo e compartilhar o link com a pessoa. Ou utilize serviços de transferência como WeTransfer."
Minha webcam não funciona.,Verifique se a webcam está conectada. Teste em outro aplicativo ou site. Certifique-se de que a webcam está selecionada como dispositivo de vídeo padrão nas configurações do seu programa. Verifique se o driver está atualizado.
Não consigo conectar na VPN.,Verifique sua conexão com a internet. Certifique-se de que suas credenciais (usuário e senha) da VPN estão corretas. O servidor VPN pode estar com problemas ou o software da VPN precisa ser atualizado.
"O que é um ""cookie"" no navegador?","Cookies são pequenos arquivos que sites armazenam no seu computador para lembrar informações sobre você, como suas preferências de login, itens no carrinho de compras, etc."
Como faço para limpar os dados de navegação?,"Nas configurações do seu navegador, procure por ""Limpar dados de navegação"" ou ""Histórico de navegação"". Você pode escolher limpar cache, cookies, histórico, etc."
O botão de ligar/desligar não funciona.,"Se o computador já estiver ligado, tente o desligamento via software (Iniciar > Ligar/Desligar > Desligar). Se ele não liga, verifique o cabo de energia. Pode ser um problema no botão físico, o que exige suporte técnico."